question_id,corpus_id,rank,score
ragas_esg_01_01,2025_thematic_report_91bab808.pdf::chunk-7436,1,1.0
ragas_esg_01_01,2025_climate_report_9706fb9c.pdf::chunk-7341,2,0.08333333333333333
ragas_esg_01_01,2025_climate_report_9706fb9c.pdf::chunk-7342,3,0.07692307692307693
ragas_esg_01_01,IB_Sustainability_Report.pdf::chunk-0058,4,0.07142857142857142
ragas_esg_01_01,IB_Sustainability_Report.pdf::chunk-0059,5,0.06666666666666667
ragas_esg_02_01,2023_thematic_report_4c1eb352.pdf::chunk-7894,1,1.0
ragas_esg_02_01,2024_sustainability_report_44182ca9.pdf::chunk-8182,2,0.08333333333333333
ragas_esg_02_01,2024_sustainability_report_44182ca9.pdf::chunk-8183,3,0.07692307692307693
ragas_esg_02_01,IB_Sustainability_Report.pdf::chunk-0053,4,0.07142857142857142
ragas_esg_02_01,IB_Sustainability_Report.pdf::chunk-0054,5,0.06666666666666667
ragas_esg_03_01,2024_thematic_report_24be3308.pdf::chunk-13166,1,1.0
ragas_esg_03_01,2023_integrated_report_c47ec973.pdf::chunk-11678,2,0.08333333333333333
ragas_esg_03_01,2023_integrated_report_c47ec973.pdf::chunk-11679,3,0.07692307692307693
ragas_esg_03_01,2025_integrated_report_c3cd8894.pdf::chunk-13237,4,0.07142857142857142
ragas_esg_03_01,2025_integrated_report_c3cd8894.pdf::chunk-13238,5,0.06666666666666667
ragas_esg_04_01,2023_framework_disclosure_a1d018fd.pdf::chunk-24302,1,1.0
ragas_esg_04_01,2021_integrated_report_1efcc316.pdf::chunk-24161,2,0.08333333333333333
ragas_esg_04_01,2021_integrated_report_1efcc316.pdf::chunk-24162,3,0.07692307692307693
ragas_esg_04_01,2023_framework_disclosure_a1d018fd.pdf::chunk-24304,4,0.07142857142857142
ragas_esg_04_01,2023_framework_disclosure_a1d018fd.pdf::chunk-24305,5,0.06666666666666667
ragas_esg_04_02,2023_framework_disclosure_a1d018fd.pdf::chunk-24303,1,1.0
ragas_esg_04_02,2021_integrated_report_1efcc316.pdf::chunk-24161,2,0.08333333333333333
ragas_esg_04_02,2021_integrated_report_1efcc316.pdf::chunk-24162,3,0.07692307692307693
ragas_esg_04_02,2023_framework_disclosure_a1d018fd.pdf::chunk-24305,4,0.07142857142857142
ragas_esg_04_02,2025_sustainability_report_0478ad88.pdf::chunk-24546,5,0.06666666666666667
ragas_esg_04_03,2023_framework_disclosure_a1d018fd.pdf::chunk-24301,1,1.0
ragas_esg_04_03,2021_integrated_report_1efcc316.pdf::chunk-24161,2,0.08333333333333333
ragas_esg_04_03,2021_integrated_report_1efcc316.pdf::chunk-24162,3,0.07692307692307693
ragas_esg_04_03,2023_framework_disclosure_a1d018fd.pdf::chunk-24304,4,0.07142857142857142
ragas_esg_04_03,2023_framework_disclosure_a1d018fd.pdf::chunk-24305,5,0.06666666666666667
ragas_esg_04_04,2023_framework_disclosure_a1d018fd.pdf::chunk-24304,1,1.0
ragas_esg_04_04,2021_integrated_report_1efcc316.pdf::chunk-24161,2,0.08333333333333333
ragas_esg_04_04,2021_integrated_report_1efcc316.pdf::chunk-24162,3,0.07692307692307693
ragas_esg_04_04,2023_framework_disclosure_a1d018fd.pdf::chunk-24301,4,0.07142857142857142
ragas_esg_04_04,2025_sustainability_report_0478ad88.pdf::chunk-24546,5,0.06666666666666667
ragas_esg_05_01,undated_framework_disclosure_f9072c40.pdf::chunk-24095,1,1.0
ragas_esg_05_01,2011_sustainability_report_73deaa4c.pdf::chunk-16601,2,0.08333333333333333
ragas_esg_05_01,2011_sustainability_report_73deaa4c.pdf::chunk-16602,3,0.07692307692307693
ragas_esg_05_01,2019_framework_disclosure_c403a763.pdf::chunk-19206,4,0.07142857142857142
ragas_esg_05_01,2019_framework_disclosure_c403a763.pdf::chunk-19207,5,0.06666666666666667
ragas_esg_05_02,undated_framework_disclosure_f9072c40.pdf::chunk-24094,1,1.0
ragas_esg_05_02,2011_sustainability_report_73deaa4c.pdf::chunk-16601,2,0.08333333333333333
ragas_esg_05_02,2011_sustainability_report_73deaa4c.pdf::chunk-16602,3,0.07692307692307693
ragas_esg_05_02,2019_framework_disclosure_c403a763.pdf::chunk-19206,4,0.07142857142857142
ragas_esg_05_02,2019_framework_disclosure_c403a763.pdf::chunk-19207,5,0.06666666666666667
ragas_esg_06_01,18261.ar.en.2024.pdf::chunk-5106,1,1.0
ragas_esg_06_01,18261.ar.en.2024.pdf::chunk-5098,2,0.08333333333333333
ragas_esg_06_01,18261.ar.en.2024.pdf::chunk-5099,3,0.07692307692307693
ragas_esg_06_01,IB_Sustainability_Report.pdf::chunk-0053,4,0.07142857142857142
ragas_esg_06_01,IB_Sustainability_Report.pdf::chunk-0054,5,0.06666666666666667
ragas_esg_06_02,18261.ar.en.2024.pdf::chunk-5099,1,1.0
ragas_esg_06_02,18261.ar.en.2024.pdf::chunk-5101,2,0.08333333333333333
ragas_esg_06_02,18261.ar.en.2024.pdf::chunk-5102,3,0.07692307692307693
ragas_esg_06_02,IB_Sustainability_Report.pdf::chunk-0054,4,0.07142857142857142
ragas_esg_06_02,IB_Sustainability_Report.pdf::chunk-0059,5,0.06666666666666667
ragas_esg_06_03,18261.ar.en.2024.pdf::chunk-5098,1,1.0
ragas_esg_06_03,18261.ar.en.2024.pdf::chunk-5101,2,0.08333333333333333
ragas_esg_06_03,18261.ar.en.2024.pdf::chunk-5102,3,0.07692307692307693
ragas_esg_06_03,IB_Sustainability_Report.pdf::chunk-0054,4,0.07142857142857142
ragas_esg_06_03,IB_Sustainability_Report.pdf::chunk-0059,5,0.06666666666666667
ragas_esg_06_04,18261.ar.en.2024.pdf::chunk-5100,1,1.0
ragas_esg_06_04,18261.ar.en.2024.pdf::chunk-5102,2,0.08333333333333333
ragas_esg_06_04,18261.ar.en.2024.pdf::chunk-5103,3,0.07692307692307693
ragas_esg_06_04,IB_Sustainability_Report.pdf::chunk-0054,4,0.07142857142857142
ragas_esg_06_04,IB_Sustainability_Report.pdf::chunk-0059,5,0.06666666666666667
ragas_esg_07_01,IB_Sustainability_Report.pdf::chunk-0093,1,1.0
ragas_esg_07_01,IB_Sustainability_Report.pdf::chunk-0053,2,0.08333333333333333
ragas_esg_07_01,IB_Sustainability_Report.pdf::chunk-0054,3,0.07692307692307693
ragas_esg_07_01,2011_sustainability_report_73deaa4c.pdf::chunk-16601,4,0.07142857142857142
ragas_esg_07_01,2011_sustainability_report_73deaa4c.pdf::chunk-16602,5,0.06666666666666667
ragas_esg_07_02,IB_Sustainability_Report.pdf::chunk-0079,1,1.0
ragas_esg_07_02,IB_Sustainability_Report.pdf::chunk-0053,2,0.08333333333333333
ragas_esg_07_02,IB_Sustainability_Report.pdf::chunk-0054,3,0.07692307692307693
ragas_esg_07_02,2011_sustainability_report_73deaa4c.pdf::chunk-16601,4,0.07142857142857142
ragas_esg_07_02,2011_sustainability_report_73deaa4c.pdf::chunk-16602,5,0.06666666666666667
ragas_esg_07_03,IB_Sustainability_Report.pdf::chunk-0107,1,1.0
ragas_esg_07_03,IB_Sustainability_Report.pdf::chunk-0053,2,0.08333333333333333
ragas_esg_07_03,IB_Sustainability_Report.pdf::chunk-0054,3,0.07692307692307693
ragas_esg_07_03,2011_sustainability_report_73deaa4c.pdf::chunk-16601,4,0.07142857142857142
ragas_esg_07_03,2011_sustainability_report_73deaa4c.pdf::chunk-16602,5,0.06666666666666667
ragas_esg_07_04,IB_Sustainability_Report.pdf::chunk-0163,1,1.0
ragas_esg_07_04,IB_Sustainability_Report.pdf::chunk-0053,2,0.08333333333333333
ragas_esg_07_04,IB_Sustainability_Report.pdf::chunk-0054,3,0.07692307692307693
ragas_esg_07_04,2011_sustainability_report_73deaa4c.pdf::chunk-16601,4,0.07142857142857142
ragas_esg_07_04,2011_sustainability_report_73deaa4c.pdf::chunk-16602,5,0.06666666666666667
ragas_esg_08_01,426.ar.en.2024.pdf::chunk-5120,1,1.0
ragas_esg_08_01,426.ar.en.2024.pdf::chunk-5107,2,0.08333333333333333
ragas_esg_08_01,426.ar.en.2024.pdf::chunk-5108,3,0.07692307692307693
ragas_esg_08_01,IB_Sustainability_Report.pdf::chunk-0058,4,0.07142857142857142
ragas_esg_08_01,IB_Sustainability_Report.pdf::chunk-0059,5,0.06666666666666667
ragas_esg_08_02,426.ar.en.2024.pdf::chunk-5114,1,1.0
ragas_esg_08_02,426.ar.en.2024.pdf::chunk-5107,2,0.08333333333333333
ragas_esg_08_02,426.ar.en.2024.pdf::chunk-5108,3,0.07692307692307693
ragas_esg_08_02,IB_Sustainability_Report.pdf::chunk-0053,4,0.07142857142857142
ragas_esg_08_02,IB_Sustainability_Report.pdf::chunk-0054,5,0.06666666666666667
ragas_esg_08_03,426.ar.en.2024.pdf::chunk-5108,1,1.0
ragas_esg_08_03,426.ar.en.2024.pdf::chunk-5110,2,0.08333333333333333
ragas_esg_08_03,426.ar.en.2024.pdf::chunk-5111,3,0.07692307692307693
ragas_esg_08_03,IB_Sustainability_Report.pdf::chunk-0054,4,0.07142857142857142
ragas_esg_08_03,IB_Sustainability_Report.pdf::chunk-0059,5,0.06666666666666667
ragas_esg_08_04,426.ar.en.2024.pdf::chunk-5113,1,1.0
ragas_esg_08_04,426.ar.en.2024.pdf::chunk-5107,2,0.08333333333333333
ragas_esg_08_04,426.ar.en.2024.pdf::chunk-5108,3,0.07692307692307693
ragas_esg_08_04,IB_Sustainability_Report.pdf::chunk-0054,4,0.07142857142857142
ragas_esg_08_04,IB_Sustainability_Report.pdf::chunk-0059,5,0.06666666666666667
ragas_esg_09_01,2024_sustainability_report_c73e004c.pdf::chunk-28890,1,1.0
ragas_esg_09_01,2024_sustainability_report_c73e004c.pdf::chunk-28839,2,0.08333333333333333
ragas_esg_09_01,2024_sustainability_report_c73e004c.pdf::chunk-28840,3,0.07692307692307693
ragas_esg_09_01,2024_urd_c73e004c.pdf::chunk-29204,4,0.07142857142857142
ragas_esg_09_01,2024_urd_c73e004c.pdf::chunk-29205,5,0.06666666666666667
ragas_esg_09_02,2024_sustainability_report_c73e004c.pdf::chunk-28935,1,1.0
ragas_esg_09_02,2024_sustainability_report_c73e004c.pdf::chunk-28839,2,0.08333333333333333
ragas_esg_09_02,2024_sustainability_report_c73e004c.pdf::chunk-28840,3,0.07692307692307693
ragas_esg_09_02,2024_urd_c73e004c.pdf::chunk-29204,4,0.07142857142857142
ragas_esg_09_02,2024_urd_c73e004c.pdf::chunk-29205,5,0.06666666666666667
ragas_esg_09_03,2024_sustainability_report_c73e004c.pdf::chunk-29110,1,1.0
ragas_esg_09_03,2024_sustainability_report_c73e004c.pdf::chunk-28839,2,0.08333333333333333
ragas_esg_09_03,2024_sustainability_report_c73e004c.pdf::chunk-28840,3,0.07692307692307693
ragas_esg_09_03,2024_urd_c73e004c.pdf::chunk-29204,4,0.07142857142857142
ragas_esg_09_03,2024_urd_c73e004c.pdf::chunk-29205,5,0.06666666666666667
ragas_esg_09_04,2024_sustainability_report_c73e004c.pdf::chunk-28843,1,1.0
ragas_esg_09_04,2024_sustainability_report_c73e004c.pdf::chunk-28839,2,0.08333333333333333
ragas_esg_09_04,2024_sustainability_report_c73e004c.pdf::chunk-28840,3,0.07692307692307693
ragas_esg_09_04,2024_urd_c73e004c.pdf::chunk-29204,4,0.07142857142857142
ragas_esg_09_04,2024_urd_c73e004c.pdf::chunk-29205,5,0.06666666666666667
ragas_esg_10_01,2018_sustainability_report_43841182.pdf::chunk-29649,1,1.0
ragas_esg_10_01,Siemens_ESG.pdf::chunk-0726,2,0.08333333333333333
ragas_esg_10_01,Siemens_ESG.pdf::chunk-0727,3,0.07692307692307693
ragas_esg_10_01,2018_sustainability_report_43841182.pdf::chunk-29651,4,0.07142857142857142
ragas_esg_10_01,2018_sustainability_report_43841182.pdf::chunk-29652,5,0.06666666666666667
ragas_esg_10_02,2018_sustainability_report_43841182.pdf::chunk-29677,1,1.0
ragas_esg_10_02,Siemens_ESG.pdf::chunk-0726,2,0.08333333333333333
ragas_esg_10_02,Siemens_ESG.pdf::chunk-0727,3,0.07692307692307693
ragas_esg_10_02,2018_sustainability_report_43841182.pdf::chunk-29648,4,0.07142857142857142
ragas_esg_10_02,2018_sustainability_report_43841182.pdf::chunk-29649,5,0.06666666666666667
ragas_esg_10_03,2018_sustainability_report_43841182.pdf::chunk-29657,1,1.0
ragas_esg_10_03,Siemens_ESG.pdf::chunk-0726,2,0.08333333333333333
ragas_esg_10_03,Siemens_ESG.pdf::chunk-0727,3,0.07692307692307693
ragas_esg_10_03,2018_sustainability_report_43841182.pdf::chunk-29648,4,0.07142857142857142
ragas_esg_10_03,2018_sustainability_report_43841182.pdf::chunk-29649,5,0.06666666666666667
ragas_esg_10_04,2018_sustainability_report_43841182.pdf::chunk-29691,1,1.0
ragas_esg_10_04,Siemens_ESG.pdf::chunk-0726,2,0.08333333333333333
ragas_esg_10_04,Siemens_ESG.pdf::chunk-0727,3,0.07692307692307693
ragas_esg_10_04,2018_sustainability_report_43841182.pdf::chunk-29648,4,0.07142857142857142
ragas_esg_10_04,2018_sustainability_report_43841182.pdf::chunk-29649,5,0.06666666666666667
ragas_esg_11_01,2024_thematic_report_c221f368.pdf::chunk-31830,1,1.0
ragas_esg_11_01,2024_thematic_report_c221f368.pdf::chunk-31823,2,0.08333333333333333
ragas_esg_11_01,2024_thematic_report_c221f368.pdf::chunk-31824,3,0.07692307692307693
ragas_esg_11_01,undated_framework_disclosure_c0d92cc2.pdf::chunk-34286,4,0.07142857142857142
ragas_esg_11_01,undated_framework_disclosure_c0d92cc2.pdf::chunk-34287,5,0.06666666666666667
ragas_esg_11_02,2024_thematic_report_c221f368.pdf::chunk-31824,1,1.0
ragas_esg_11_02,2024_thematic_report_c221f368.pdf::chunk-31826,2,0.08333333333333333
ragas_esg_11_02,2024_thematic_report_c221f368.pdf::chunk-31827,3,0.07692307692307693
ragas_esg_11_02,undated_framework_disclosure_c0d92cc2.pdf::chunk-34286,4,0.07142857142857142
ragas_esg_11_02,undated_framework_disclosure_c0d92cc2.pdf::chunk-34287,5,0.06666666666666667
ragas_esg_11_03,2024_thematic_report_c221f368.pdf::chunk-31827,1,1.0
ragas_esg_11_03,2024_thematic_report_c221f368.pdf::chunk-31823,2,0.08333333333333333
ragas_esg_11_03,2024_thematic_report_c221f368.pdf::chunk-31824,3,0.07692307692307693
ragas_esg_11_03,undated_framework_disclosure_c0d92cc2.pdf::chunk-34286,4,0.07142857142857142
ragas_esg_11_03,undated_framework_disclosure_c0d92cc2.pdf::chunk-34287,5,0.06666666666666667
ragas_esg_12_01,2024_framework_disclosure_082a3c71.pdf::chunk-38981,1,1.0
ragas_esg_12_01,2024_annual_report_9ab2a528.pdf::chunk-37546,2,0.08333333333333333
ragas_esg_12_01,2024_annual_report_9ab2a528.pdf::chunk-37547,3,0.07692307692307693
ragas_esg_12_01,2024_framework_disclosure_082a3c71.pdf::chunk-38956,4,0.07142857142857142
ragas_esg_12_01,2024_framework_disclosure_082a3c71.pdf::chunk-38957,5,0.06666666666666667
ragas_esg_12_02,2024_framework_disclosure_082a3c71.pdf::chunk-38972,1,1.0
ragas_esg_12_02,2024_annual_report_9ab2a528.pdf::chunk-37546,2,0.08333333333333333
ragas_esg_12_02,2024_annual_report_9ab2a528.pdf::chunk-37547,3,0.07692307692307693
ragas_esg_12_02,2024_framework_disclosure_082a3c71.pdf::chunk-38956,4,0.07142857142857142
ragas_esg_12_02,2024_framework_disclosure_082a3c71.pdf::chunk-38957,5,0.06666666666666667
ragas_esg_12_03,2024_framework_disclosure_082a3c71.pdf::chunk-38987,1,1.0
ragas_esg_12_03,2024_annual_report_9ab2a528.pdf::chunk-37546,2,0.08333333333333333
ragas_esg_12_03,2024_annual_report_9ab2a528.pdf::chunk-37547,3,0.07692307692307693
ragas_esg_12_03,2024_framework_disclosure_082a3c71.pdf::chunk-38956,4,0.07142857142857142
ragas_esg_12_03,2024_framework_disclosure_082a3c71.pdf::chunk-38957,5,0.06666666666666667
ragas_esg_12_04,2024_framework_disclosure_082a3c71.pdf::chunk-38994,1,1.0
ragas_esg_12_04,2024_annual_report_9ab2a528.pdf::chunk-37546,2,0.08333333333333333
ragas_esg_12_04,2024_annual_report_9ab2a528.pdf::chunk-37547,3,0.07692307692307693
ragas_esg_12_04,2024_framework_disclosure_082a3c71.pdf::chunk-38956,4,0.07142857142857142
ragas_esg_12_04,2024_framework_disclosure_082a3c71.pdf::chunk-38957,5,0.06666666666666667
ragas_esg_13_01,2024_annual_report_9ab2a528.pdf::chunk-38025,1,1.0
ragas_esg_13_01,2024_annual_report_9ab2a528.pdf::chunk-37546,2,0.08333333333333333
ragas_esg_13_01,2024_annual_report_9ab2a528.pdf::chunk-37547,3,0.07692307692307693
ragas_esg_13_01,2024_framework_disclosure_082a3c71.pdf::chunk-38956,4,0.07142857142857142
ragas_esg_13_01,2024_framework_disclosure_082a3c71.pdf::chunk-38957,5,0.06666666666666667
ragas_esg_13_02,2024_annual_report_9ab2a528.pdf::chunk-38034,1,1.0
ragas_esg_13_02,2024_annual_report_9ab2a528.pdf::chunk-37546,2,0.08333333333333333
ragas_esg_13_02,2024_annual_report_9ab2a528.pdf::chunk-37547,3,0.07692307692307693
ragas_esg_13_02,2024_framework_disclosure_082a3c71.pdf::chunk-38956,4,0.07142857142857142
ragas_esg_13_02,2024_framework_disclosure_082a3c71.pdf::chunk-38957,5,0.06666666666666667
ragas_esg_13_03,2024_annual_report_9ab2a528.pdf::chunk-38197,1,1.0
ragas_esg_13_03,2024_annual_report_9ab2a528.pdf::chunk-37546,2,0.08333333333333333
ragas_esg_13_03,2024_annual_report_9ab2a528.pdf::chunk-37547,3,0.07692307692307693
ragas_esg_13_03,2024_framework_disclosure_082a3c71.pdf::chunk-38956,4,0.07142857142857142
ragas_esg_13_03,2024_framework_disclosure_082a3c71.pdf::chunk-38957,5,0.06666666666666667
ragas_esg_13_04,2024_annual_report_9ab2a528.pdf::chunk-38007,1,1.0
ragas_esg_13_04,2024_annual_report_9ab2a528.pdf::chunk-37546,2,0.08333333333333333
ragas_esg_13_04,2024_annual_report_9ab2a528.pdf::chunk-37547,3,0.07692307692307693
ragas_esg_13_04,2024_framework_disclosure_082a3c71.pdf::chunk-38956,4,0.07142857142857142
ragas_esg_13_04,2024_framework_disclosure_082a3c71.pdf::chunk-38957,5,0.06666666666666667
ragas_esg_14_01,2011_sustainability_report_73deaa4c.pdf::chunk-16619,1,1.0
ragas_esg_14_01,2011_sustainability_report_73deaa4c.pdf::chunk-16601,2,0.08333333333333333
ragas_esg_14_01,2011_sustainability_report_73deaa4c.pdf::chunk-16602,3,0.07692307692307693
ragas_esg_14_01,2019_framework_disclosure_c403a763.pdf::chunk-19206,4,0.07142857142857142
ragas_esg_14_01,2019_framework_disclosure_c403a763.pdf::chunk-19207,5,0.06666666666666667
ragas_esg_14_02,2011_sustainability_report_73deaa4c.pdf::chunk-16847,1,1.0
ragas_esg_14_02,2011_sustainability_report_73deaa4c.pdf::chunk-16601,2,0.08333333333333333
ragas_esg_14_02,2011_sustainability_report_73deaa4c.pdf::chunk-16602,3,0.07692307692307693
ragas_esg_14_02,2019_framework_disclosure_c403a763.pdf::chunk-19206,4,0.07142857142857142
ragas_esg_14_02,2019_framework_disclosure_c403a763.pdf::chunk-19207,5,0.06666666666666667
ragas_esg_14_03,2011_sustainability_report_73deaa4c.pdf::chunk-16694,1,1.0
ragas_esg_14_03,2011_sustainability_report_73deaa4c.pdf::chunk-16601,2,0.08333333333333333
ragas_esg_14_03,2011_sustainability_report_73deaa4c.pdf::chunk-16602,3,0.07692307692307693
ragas_esg_14_03,2019_framework_disclosure_c403a763.pdf::chunk-19206,4,0.07142857142857142
ragas_esg_14_03,2019_framework_disclosure_c403a763.pdf::chunk-19207,5,0.06666666666666667
ragas_esg_14_04,2011_sustainability_report_73deaa4c.pdf::chunk-16784,1,1.0
ragas_esg_14_04,2011_sustainability_report_73deaa4c.pdf::chunk-16601,2,0.08333333333333333
ragas_esg_14_04,2011_sustainability_report_73deaa4c.pdf::chunk-16602,3,0.07692307692307693
ragas_esg_14_04,2019_framework_disclosure_c403a763.pdf::chunk-19206,4,0.07142857142857142
ragas_esg_14_04,2019_framework_disclosure_c403a763.pdf::chunk-19207,5,0.06666666666666667
ragas_esg_15_01,2025_annual_report_1b21309a.pdf::chunk-39666,1,1.0
ragas_esg_15_01,2024_annual_report_9ab2a528.pdf::chunk-37546,2,0.08333333333333333
ragas_esg_15_01,2024_annual_report_9ab2a528.pdf::chunk-37547,3,0.07692307692307693
ragas_esg_15_01,2024_framework_disclosure_082a3c71.pdf::chunk-38956,4,0.07142857142857142
ragas_esg_15_01,2024_framework_disclosure_082a3c71.pdf::chunk-38957,5,0.06666666666666667
ragas_esg_15_02,2025_annual_report_1b21309a.pdf::chunk-39681,1,1.0
ragas_esg_15_02,2024_annual_report_9ab2a528.pdf::chunk-37546,2,0.08333333333333333
ragas_esg_15_02,2024_annual_report_9ab2a528.pdf::chunk-37547,3,0.07692307692307693
ragas_esg_15_02,2024_framework_disclosure_082a3c71.pdf::chunk-38956,4,0.07142857142857142
ragas_esg_15_02,2024_framework_disclosure_082a3c71.pdf::chunk-38957,5,0.06666666666666667
ragas_esg_15_03,2025_annual_report_1b21309a.pdf::chunk-39665,1,1.0
ragas_esg_15_03,2024_annual_report_9ab2a528.pdf::chunk-37546,2,0.08333333333333333
ragas_esg_15_03,2024_annual_report_9ab2a528.pdf::chunk-37547,3,0.07692307692307693
ragas_esg_15_03,2024_framework_disclosure_082a3c71.pdf::chunk-38956,4,0.07142857142857142
ragas_esg_15_03,2024_framework_disclosure_082a3c71.pdf::chunk-38957,5,0.06666666666666667
ragas_esg_15_04,2025_annual_report_1b21309a.pdf::chunk-39822,1,1.0
ragas_esg_15_04,2024_annual_report_9ab2a528.pdf::chunk-37546,2,0.08333333333333333
ragas_esg_15_04,2024_annual_report_9ab2a528.pdf::chunk-37547,3,0.07692307692307693
ragas_esg_15_04,2024_framework_disclosure_082a3c71.pdf::chunk-38956,4,0.07142857142857142
ragas_esg_15_04,2024_framework_disclosure_082a3c71.pdf::chunk-38957,5,0.06666666666666667
ragas_esg_16_01,2025_climate_report_9706fb9c.pdf::chunk-7411,1,1.0
ragas_esg_16_01,2025_climate_report_9706fb9c.pdf::chunk-7341,2,0.08333333333333333
ragas_esg_16_01,2025_climate_report_9706fb9c.pdf::chunk-7342,3,0.07692307692307693
ragas_esg_16_01,2025_thematic_report_91bab808.pdf::chunk-7436,4,0.07142857142857142
ragas_esg_16_01,IB_Sustainability_Report.pdf::chunk-0053,5,0.06666666666666667
ragas_esg_16_02,2025_climate_report_9706fb9c.pdf::chunk-7390,1,1.0
ragas_esg_16_02,2025_climate_report_9706fb9c.pdf::chunk-7341,2,0.08333333333333333
ragas_esg_16_02,2025_climate_report_9706fb9c.pdf::chunk-7342,3,0.07692307692307693
ragas_esg_16_02,2025_thematic_report_91bab808.pdf::chunk-7436,4,0.07142857142857142
ragas_esg_16_02,IB_Sustainability_Report.pdf::chunk-0053,5,0.06666666666666667
ragas_esg_16_03,2025_climate_report_9706fb9c.pdf::chunk-7373,1,1.0
ragas_esg_16_03,2025_climate_report_9706fb9c.pdf::chunk-7341,2,0.08333333333333333
ragas_esg_16_03,2025_climate_report_9706fb9c.pdf::chunk-7342,3,0.07692307692307693
ragas_esg_16_03,2025_thematic_report_91bab808.pdf::chunk-7436,4,0.07142857142857142
ragas_esg_16_03,IB_Sustainability_Report.pdf::chunk-0053,5,0.06666666666666667
ragas_esg_16_04,2025_climate_report_9706fb9c.pdf::chunk-7362,1,1.0
ragas_esg_16_04,2025_climate_report_9706fb9c.pdf::chunk-7341,2,0.08333333333333333
ragas_esg_16_04,2025_climate_report_9706fb9c.pdf::chunk-7342,3,0.07692307692307693
ragas_esg_16_04,2025_thematic_report_91bab808.pdf::chunk-7436,4,0.07142857142857142
ragas_esg_16_04,IB_Sustainability_Report.pdf::chunk-0054,5,0.06666666666666667
ragas_esg_17_01,2025_urd_99c343a1.pdf::chunk-14193,1,1.0
ragas_esg_17_01,2023_integrated_report_c47ec973.pdf::chunk-11678,2,0.08333333333333333
ragas_esg_17_01,2023_integrated_report_c47ec973.pdf::chunk-11679,3,0.07692307692307693
ragas_esg_17_01,2024_thematic_report_24be3308.pdf::chunk-13166,4,0.07142857142857142
ragas_esg_17_01,2024_thematic_report_24be3308.pdf::chunk-13167,5,0.06666666666666667
ragas_esg_17_02,2025_urd_99c343a1.pdf::chunk-14393,1,1.0
ragas_esg_17_02,2023_integrated_report_c47ec973.pdf::chunk-11678,2,0.08333333333333333
ragas_esg_17_02,2023_integrated_report_c47ec973.pdf::chunk-11679,3,0.07692307692307693
ragas_esg_17_02,2024_thematic_report_24be3308.pdf::chunk-13166,4,0.07142857142857142
ragas_esg_17_02,2024_thematic_report_24be3308.pdf::chunk-13167,5,0.06666666666666667
ragas_esg_17_03,2025_urd_99c343a1.pdf::chunk-14432,1,1.0
ragas_esg_17_03,2023_integrated_report_c47ec973.pdf::chunk-11678,2,0.08333333333333333
ragas_esg_17_03,2023_integrated_report_c47ec973.pdf::chunk-11679,3,0.07692307692307693
ragas_esg_17_03,2024_thematic_report_24be3308.pdf::chunk-13166,4,0.07142857142857142
ragas_esg_17_03,2024_thematic_report_24be3308.pdf::chunk-13167,5,0.06666666666666667
ragas_esg_17_04,2025_urd_99c343a1.pdf::chunk-14471,1,1.0
ragas_esg_17_04,2023_integrated_report_c47ec973.pdf::chunk-11678,2,0.08333333333333333
ragas_esg_17_04,2023_integrated_report_c47ec973.pdf::chunk-11679,3,0.07692307692307693
ragas_esg_17_04,2024_thematic_report_24be3308.pdf::chunk-13166,4,0.07142857142857142
ragas_esg_17_04,2024_thematic_report_24be3308.pdf::chunk-13167,5,0.06666666666666667
ragas_esg_18_01,2025_integrated_report_c3cd8894.pdf::chunk-13265,1,1.0
ragas_esg_18_01,2023_integrated_report_c47ec973.pdf::chunk-11678,2,0.08333333333333333
ragas_esg_18_01,2023_integrated_report_c47ec973.pdf::chunk-11679,3,0.07692307692307693
ragas_esg_18_01,2024_thematic_report_24be3308.pdf::chunk-13166,4,0.07142857142857142
ragas_esg_18_01,2024_thematic_report_24be3308.pdf::chunk-13167,5,0.06666666666666667
ragas_esg_18_02,2025_integrated_report_c3cd8894.pdf::chunk-13268,1,1.0
ragas_esg_18_02,2023_integrated_report_c47ec973.pdf::chunk-11678,2,0.08333333333333333
ragas_esg_18_02,2023_integrated_report_c47ec973.pdf::chunk-11679,3,0.07692307692307693
ragas_esg_18_02,2024_thematic_report_24be3308.pdf::chunk-13166,4,0.07142857142857142
ragas_esg_18_02,2024_thematic_report_24be3308.pdf::chunk-13167,5,0.06666666666666667
ragas_esg_18_03,2025_integrated_report_c3cd8894.pdf::chunk-13275,1,1.0
ragas_esg_18_03,2023_integrated_report_c47ec973.pdf::chunk-11678,2,0.08333333333333333
ragas_esg_18_03,2023_integrated_report_c47ec973.pdf::chunk-11679,3,0.07692307692307693
ragas_esg_18_03,2024_thematic_report_24be3308.pdf::chunk-13166,4,0.07142857142857142
ragas_esg_18_03,2024_thematic_report_24be3308.pdf::chunk-13167,5,0.06666666666666667
ragas_esg_18_04,2025_integrated_report_c3cd8894.pdf::chunk-13285,1,1.0
ragas_esg_18_04,2023_integrated_report_c47ec973.pdf::chunk-11678,2,0.08333333333333333
ragas_esg_18_04,2023_integrated_report_c47ec973.pdf::chunk-11679,3,0.07692307692307693
ragas_esg_18_04,2024_thematic_report_24be3308.pdf::chunk-13166,4,0.07142857142857142
ragas_esg_18_04,2024_thematic_report_24be3308.pdf::chunk-13167,5,0.06666666666666667
ragas_esg_19_01,2021_integrated_report_1efcc316.pdf::chunk-24176,1,1.0
ragas_esg_19_01,2021_integrated_report_1efcc316.pdf::chunk-24161,2,0.08333333333333333
ragas_esg_19_01,2021_integrated_report_1efcc316.pdf::chunk-24162,3,0.07692307692307693
ragas_esg_19_01,2023_framework_disclosure_a1d018fd.pdf::chunk-24301,4,0.07142857142857142
ragas_esg_19_01,2023_framework_disclosure_a1d018fd.pdf::chunk-24302,5,0.06666666666666667
ragas_esg_19_02,2021_integrated_report_1efcc316.pdf::chunk-24189,1,1.0
ragas_esg_19_02,2021_integrated_report_1efcc316.pdf::chunk-24161,2,0.08333333333333333
ragas_esg_19_02,2021_integrated_report_1efcc316.pdf::chunk-24162,3,0.07692307692307693
ragas_esg_19_02,2023_framework_disclosure_a1d018fd.pdf::chunk-24301,4,0.07142857142857142
ragas_esg_19_02,2023_framework_disclosure_a1d018fd.pdf::chunk-24302,5,0.06666666666666667
ragas_esg_19_03,2021_integrated_report_1efcc316.pdf::chunk-24197,1,1.0
ragas_esg_19_03,2021_integrated_report_1efcc316.pdf::chunk-24161,2,0.08333333333333333
ragas_esg_19_03,2021_integrated_report_1efcc316.pdf::chunk-24162,3,0.07692307692307693
ragas_esg_19_03,2023_framework_disclosure_a1d018fd.pdf::chunk-24301,4,0.07142857142857142
ragas_esg_19_03,2023_framework_disclosure_a1d018fd.pdf::chunk-24302,5,0.06666666666666667
ragas_esg_19_04,2021_integrated_report_1efcc316.pdf::chunk-24161,1,1.0
ragas_esg_19_04,2021_integrated_report_1efcc316.pdf::chunk-24164,2,0.08333333333333333
ragas_esg_19_04,2021_integrated_report_1efcc316.pdf::chunk-24165,3,0.07692307692307693
ragas_esg_19_04,2023_framework_disclosure_a1d018fd.pdf::chunk-24301,4,0.07142857142857142
ragas_esg_19_04,2023_framework_disclosure_a1d018fd.pdf::chunk-24302,5,0.06666666666666667
ragas_esg_20_01,2024_urd_c73e004c.pdf::chunk-29276,1,1.0
ragas_esg_20_01,2024_sustainability_report_c73e004c.pdf::chunk-28839,2,0.08333333333333333
ragas_esg_20_01,2024_sustainability_report_c73e004c.pdf::chunk-28840,3,0.07692307692307693
ragas_esg_20_01,2024_urd_c73e004c.pdf::chunk-29204,4,0.07142857142857142
ragas_esg_20_01,2024_urd_c73e004c.pdf::chunk-29205,5,0.06666666666666667
ragas_esg_20_02,2024_urd_c73e004c.pdf::chunk-29280,1,1.0
ragas_esg_20_02,2024_sustainability_report_c73e004c.pdf::chunk-28839,2,0.08333333333333333
ragas_esg_20_02,2024_sustainability_report_c73e004c.pdf::chunk-28840,3,0.07692307692307693
ragas_esg_20_02,2024_urd_c73e004c.pdf::chunk-29204,4,0.07142857142857142
ragas_esg_20_02,2024_urd_c73e004c.pdf::chunk-29205,5,0.06666666666666667
ragas_esg_20_03,2024_urd_c73e004c.pdf::chunk-29287,1,1.0
ragas_esg_20_03,2024_sustainability_report_c73e004c.pdf::chunk-28839,2,0.08333333333333333
ragas_esg_20_03,2024_sustainability_report_c73e004c.pdf::chunk-28840,3,0.07692307692307693
ragas_esg_20_03,2024_urd_c73e004c.pdf::chunk-29204,4,0.07142857142857142
ragas_esg_20_03,2024_urd_c73e004c.pdf::chunk-29205,5,0.06666666666666667
ragas_esg_20_04,2024_urd_c73e004c.pdf::chunk-29300,1,1.0
ragas_esg_20_04,2024_sustainability_report_c73e004c.pdf::chunk-28839,2,0.08333333333333333
ragas_esg_20_04,2024_sustainability_report_c73e004c.pdf::chunk-28840,3,0.07692307692307693
ragas_esg_20_04,2024_urd_c73e004c.pdf::chunk-29204,4,0.07142857142857142
ragas_esg_20_04,2024_urd_c73e004c.pdf::chunk-29205,5,0.06666666666666667
ragas_esg_21_01,2023_integrated_report_c47ec973.pdf::chunk-11689,1,1.0
ragas_esg_21_01,2023_integrated_report_c47ec973.pdf::chunk-11678,2,0.08333333333333333
ragas_esg_21_01,2023_integrated_report_c47ec973.pdf::chunk-11679,3,0.07692307692307693
ragas_esg_21_01,2024_thematic_report_24be3308.pdf::chunk-13166,4,0.07142857142857142
ragas_esg_21_01,2024_thematic_report_24be3308.pdf::chunk-13167,5,0.06666666666666667
ragas_esg_21_02,2023_integrated_report_c47ec973.pdf::chunk-11704,1,1.0
ragas_esg_21_02,2023_integrated_report_c47ec973.pdf::chunk-11678,2,0.08333333333333333
ragas_esg_21_02,2023_integrated_report_c47ec973.pdf::chunk-11679,3,0.07692307692307693
ragas_esg_21_02,2024_thematic_report_24be3308.pdf::chunk-13166,4,0.07142857142857142
ragas_esg_21_02,2024_thematic_report_24be3308.pdf::chunk-13167,5,0.06666666666666667
ragas_esg_21_03,2023_integrated_report_c47ec973.pdf::chunk-11688,1,1.0
ragas_esg_21_03,2023_integrated_report_c47ec973.pdf::chunk-11678,2,0.08333333333333333
ragas_esg_21_03,2023_integrated_report_c47ec973.pdf::chunk-11679,3,0.07692307692307693
ragas_esg_21_03,2024_thematic_report_24be3308.pdf::chunk-13166,4,0.07142857142857142
ragas_esg_21_03,2024_thematic_report_24be3308.pdf::chunk-13167,5,0.06666666666666667
ragas_esg_21_04,2023_integrated_report_c47ec973.pdf::chunk-11696,1,1.0
ragas_esg_21_04,2023_integrated_report_c47ec973.pdf::chunk-11678,2,0.08333333333333333
ragas_esg_21_04,2023_integrated_report_c47ec973.pdf::chunk-11679,3,0.07692307692307693
ragas_esg_21_04,2024_thematic_report_24be3308.pdf::chunk-13166,4,0.07142857142857142
ragas_esg_21_04,2024_thematic_report_24be3308.pdf::chunk-13167,5,0.06666666666666667
ragas_esg_22_01,2019_framework_disclosure_c403a763.pdf::chunk-19206,1,1.0
ragas_esg_22_01,2011_sustainability_report_73deaa4c.pdf::chunk-16601,2,0.08333333333333333
ragas_esg_22_01,2011_sustainability_report_73deaa4c.pdf::chunk-16602,3,0.07692307692307693
ragas_esg_22_01,2019_framework_disclosure_c403a763.pdf::chunk-19209,4,0.07142857142857142
ragas_esg_22_01,2019_framework_disclosure_c403a763.pdf::chunk-19210,5,0.06666666666666667
ragas_esg_22_02,2019_framework_disclosure_c403a763.pdf::chunk-19214,1,1.0
ragas_esg_22_02,2011_sustainability_report_73deaa4c.pdf::chunk-16601,2,0.08333333333333333
ragas_esg_22_02,2011_sustainability_report_73deaa4c.pdf::chunk-16602,3,0.07692307692307693
ragas_esg_22_02,2019_framework_disclosure_c403a763.pdf::chunk-19206,4,0.07142857142857142
ragas_esg_22_02,2019_framework_disclosure_c403a763.pdf::chunk-19207,5,0.06666666666666667
ragas_esg_22_03,2019_framework_disclosure_c403a763.pdf::chunk-19219,1,1.0
ragas_esg_22_03,2011_sustainability_report_73deaa4c.pdf::chunk-16601,2,0.08333333333333333
ragas_esg_22_03,2011_sustainability_report_73deaa4c.pdf::chunk-16602,3,0.07692307692307693
ragas_esg_22_03,2019_framework_disclosure_c403a763.pdf::chunk-19206,4,0.07142857142857142
ragas_esg_22_03,2019_framework_disclosure_c403a763.pdf::chunk-19207,5,0.06666666666666667
ragas_esg_22_04,2019_framework_disclosure_c403a763.pdf::chunk-19212,1,1.0
ragas_esg_22_04,2011_sustainability_report_73deaa4c.pdf::chunk-16601,2,0.08333333333333333
ragas_esg_22_04,2011_sustainability_report_73deaa4c.pdf::chunk-16602,3,0.07692307692307693
ragas_esg_22_04,2019_framework_disclosure_c403a763.pdf::chunk-19206,4,0.07142857142857142
ragas_esg_22_04,2019_framework_disclosure_c403a763.pdf::chunk-19207,5,0.06666666666666667
ragas_esg_23_01,2023_sustainability_report_0915a868.pdf::chunk-21878,1,1.0
ragas_esg_23_01,2011_sustainability_report_73deaa4c.pdf::chunk-16601,2,0.08333333333333333
ragas_esg_23_01,2011_sustainability_report_73deaa4c.pdf::chunk-16602,3,0.07692307692307693
ragas_esg_23_01,2019_framework_disclosure_c403a763.pdf::chunk-19206,4,0.07142857142857142
ragas_esg_23_01,2019_framework_disclosure_c403a763.pdf::chunk-19207,5,0.06666666666666667
ragas_esg_23_02,2023_sustainability_report_0915a868.pdf::chunk-21873,1,1.0
ragas_esg_23_02,2011_sustainability_report_73deaa4c.pdf::chunk-16601,2,0.08333333333333333
ragas_esg_23_02,2011_sustainability_report_73deaa4c.pdf::chunk-16602,3,0.07692307692307693
ragas_esg_23_02,2019_framework_disclosure_c403a763.pdf::chunk-19206,4,0.07142857142857142
ragas_esg_23_02,2019_framework_disclosure_c403a763.pdf::chunk-19207,5,0.06666666666666667
ragas_esg_23_03,2023_sustainability_report_0915a868.pdf::chunk-21891,1,1.0
ragas_esg_23_03,2011_sustainability_report_73deaa4c.pdf::chunk-16601,2,0.08333333333333333
ragas_esg_23_03,2011_sustainability_report_73deaa4c.pdf::chunk-16602,3,0.07692307692307693
ragas_esg_23_03,2019_framework_disclosure_c403a763.pdf::chunk-19206,4,0.07142857142857142
ragas_esg_23_03,2019_framework_disclosure_c403a763.pdf::chunk-19207,5,0.06666666666666667
ragas_esg_23_04,2023_sustainability_report_0915a868.pdf::chunk-21876,1,1.0
ragas_esg_23_04,2011_sustainability_report_73deaa4c.pdf::chunk-16601,2,0.08333333333333333
ragas_esg_23_04,2011_sustainability_report_73deaa4c.pdf::chunk-16602,3,0.07692307692307693
ragas_esg_23_04,2019_framework_disclosure_c403a763.pdf::chunk-19206,4,0.07142857142857142
ragas_esg_23_04,2019_framework_disclosure_c403a763.pdf::chunk-19207,5,0.06666666666666667
ragas_esg_24_01,undated_framework_disclosure_c0d92cc2.pdf::chunk-34305,1,1.0
ragas_esg_24_01,2024_thematic_report_c221f368.pdf::chunk-31823,2,0.08333333333333333
ragas_esg_24_01,2024_thematic_report_c221f368.pdf::chunk-31824,3,0.07692307692307693
ragas_esg_24_01,undated_framework_disclosure_c0d92cc2.pdf::chunk-34286,4,0.07142857142857142
ragas_esg_24_01,undated_framework_disclosure_c0d92cc2.pdf::chunk-34287,5,0.06666666666666667
ragas_esg_24_02,undated_framework_disclosure_c0d92cc2.pdf::chunk-34313,1,1.0
ragas_esg_24_02,2024_thematic_report_c221f368.pdf::chunk-31823,2,0.08333333333333333
ragas_esg_24_02,2024_thematic_report_c221f368.pdf::chunk-31824,3,0.07692307692307693
ragas_esg_24_02,undated_framework_disclosure_c0d92cc2.pdf::chunk-34286,4,0.07142857142857142
ragas_esg_24_02,undated_framework_disclosure_c0d92cc2.pdf::chunk-34287,5,0.06666666666666667
ragas_esg_24_03,undated_framework_disclosure_c0d92cc2.pdf::chunk-34306,1,1.0
ragas_esg_24_03,2024_thematic_report_c221f368.pdf::chunk-31823,2,0.08333333333333333
ragas_esg_24_03,2024_thematic_report_c221f368.pdf::chunk-31824,3,0.07692307692307693
ragas_esg_24_03,undated_framework_disclosure_c0d92cc2.pdf::chunk-34286,4,0.07142857142857142
ragas_esg_24_03,undated_framework_disclosure_c0d92cc2.pdf::chunk-34287,5,0.06666666666666667
ragas_esg_24_04,undated_framework_disclosure_c0d92cc2.pdf::chunk-34308,1,1.0
ragas_esg_24_04,2024_thematic_report_c221f368.pdf::chunk-31823,2,0.08333333333333333
ragas_esg_24_04,2024_thematic_report_c221f368.pdf::chunk-31824,3,0.07692307692307693
ragas_esg_24_04,undated_framework_disclosure_c0d92cc2.pdf::chunk-34286,4,0.07142857142857142
ragas_esg_24_04,undated_framework_disclosure_c0d92cc2.pdf::chunk-34287,5,0.06666666666666667
ragas_esg_25_01,2025_thematic_report_b4b58ac2.pdf::chunk-41782,1,1.0
ragas_esg_25_01,2024_annual_report_9ab2a528.pdf::chunk-37546,2,0.08333333333333333
ragas_esg_25_01,2024_annual_report_9ab2a528.pdf::chunk-37547,3,0.07692307692307693
ragas_esg_25_01,2024_framework_disclosure_082a3c71.pdf::chunk-38956,4,0.07142857142857142
ragas_esg_25_01,2024_framework_disclosure_082a3c71.pdf::chunk-38957,5,0.06666666666666667
ragas_esg_25_02,2025_thematic_report_b4b58ac2.pdf::chunk-41758,1,1.0
ragas_esg_25_02,2024_annual_report_9ab2a528.pdf::chunk-37546,2,0.08333333333333333
ragas_esg_25_02,2024_annual_report_9ab2a528.pdf::chunk-37547,3,0.07692307692307693
ragas_esg_25_02,2024_framework_disclosure_082a3c71.pdf::chunk-38956,4,0.07142857142857142
ragas_esg_25_02,2024_framework_disclosure_082a3c71.pdf::chunk-38957,5,0.06666666666666667
ragas_esg_25_03,2025_thematic_report_b4b58ac2.pdf::chunk-41795,1,1.0
ragas_esg_25_03,2024_annual_report_9ab2a528.pdf::chunk-37546,2,0.08333333333333333
ragas_esg_25_03,2024_annual_report_9ab2a528.pdf::chunk-37547,3,0.07692307692307693
ragas_esg_25_03,2024_framework_disclosure_082a3c71.pdf::chunk-38956,4,0.07142857142857142
ragas_esg_25_03,2024_framework_disclosure_082a3c71.pdf::chunk-38957,5,0.06666666666666667
ragas_esg_25_04,2025_thematic_report_b4b58ac2.pdf::chunk-41718,1,1.0
ragas_esg_25_04,2024_annual_report_9ab2a528.pdf::chunk-37546,2,0.08333333333333333
ragas_esg_25_04,2024_annual_report_9ab2a528.pdf::chunk-37547,3,0.07692307692307693
ragas_esg_25_04,2024_framework_disclosure_082a3c71.pdf::chunk-38956,4,0.07142857142857142
ragas_esg_25_04,2024_framework_disclosure_082a3c71.pdf::chunk-38957,5,0.06666666666666667
ragas_esg_26_01,Siemens_ESG.pdf::chunk-0774,1,1.0
ragas_esg_26_01,Siemens_ESG.pdf::chunk-0726,2,0.08333333333333333
ragas_esg_26_01,Siemens_ESG.pdf::chunk-0727,3,0.07692307692307693
ragas_esg_26_01,2018_sustainability_report_43841182.pdf::chunk-29648,4,0.07142857142857142
ragas_esg_26_01,2018_sustainability_report_43841182.pdf::chunk-29649,5,0.06666666666666667
ragas_esg_26_02,Siemens_ESG.pdf::chunk-0771,1,1.0
ragas_esg_26_02,Siemens_ESG.pdf::chunk-0726,2,0.08333333333333333
ragas_esg_26_02,Siemens_ESG.pdf::chunk-0727,3,0.07692307692307693
ragas_esg_26_02,2018_sustainability_report_43841182.pdf::chunk-29648,4,0.07142857142857142
ragas_esg_26_02,2018_sustainability_report_43841182.pdf::chunk-29649,5,0.06666666666666667
ragas_esg_26_03,Siemens_ESG.pdf::chunk-0911,1,1.0
ragas_esg_26_03,Siemens_ESG.pdf::chunk-0726,2,0.08333333333333333
ragas_esg_26_03,Siemens_ESG.pdf::chunk-0727,3,0.07692307692307693
ragas_esg_26_03,2018_sustainability_report_43841182.pdf::chunk-29648,4,0.07142857142857142
ragas_esg_26_03,2018_sustainability_report_43841182.pdf::chunk-29649,5,0.06666666666666667
ragas_esg_26_04,Siemens_ESG.pdf::chunk-0893,1,1.0
ragas_esg_26_04,Siemens_ESG.pdf::chunk-0726,2,0.08333333333333333
ragas_esg_26_04,Siemens_ESG.pdf::chunk-0727,3,0.07692307692307693
ragas_esg_26_04,2018_sustainability_report_43841182.pdf::chunk-29648,4,0.07142857142857142
ragas_esg_26_04,2018_sustainability_report_43841182.pdf::chunk-29649,5,0.06666666666666667
ragas_esg_27_01,423.esg.en.2024.pdf::chunk-5762,1,1.0
ragas_esg_27_01,423.esg.en.2024.pdf::chunk-5663,2,0.08333333333333333
ragas_esg_27_01,423.esg.en.2024.pdf::chunk-5664,3,0.07692307692307693
ragas_esg_27_01,IB_Sustainability_Report.pdf::chunk-0053,4,0.07142857142857142
ragas_esg_27_01,IB_Sustainability_Report.pdf::chunk-0054,5,0.06666666666666667
ragas_esg_27_02,423.esg.en.2024.pdf::chunk-5758,1,1.0
ragas_esg_27_02,423.esg.en.2024.pdf::chunk-5663,2,0.08333333333333333
ragas_esg_27_02,423.esg.en.2024.pdf::chunk-5664,3,0.07692307692307693
ragas_esg_27_02,IB_Sustainability_Report.pdf::chunk-0053,4,0.07142857142857142
ragas_esg_27_02,IB_Sustainability_Report.pdf::chunk-0054,5,0.06666666666666667
ragas_esg_27_03,423.esg.en.2024.pdf::chunk-5665,1,1.0
ragas_esg_27_03,423.esg.en.2024.pdf::chunk-5667,2,0.08333333333333333
ragas_esg_27_03,423.esg.en.2024.pdf::chunk-5668,3,0.07692307692307693
ragas_esg_27_03,IB_Sustainability_Report.pdf::chunk-0058,4,0.07142857142857142
ragas_esg_27_03,IB_Sustainability_Report.pdf::chunk-0064,5,0.06666666666666667
ragas_esg_27_04,423.esg.en.2024.pdf::chunk-5673,1,1.0
ragas_esg_27_04,423.esg.en.2024.pdf::chunk-5663,2,0.08333333333333333
ragas_esg_27_04,423.esg.en.2024.pdf::chunk-5664,3,0.07692307692307693
ragas_esg_27_04,IB_Sustainability_Report.pdf::chunk-0054,4,0.07142857142857142
ragas_esg_27_04,IB_Sustainability_Report.pdf::chunk-0059,5,0.06666666666666667
ragas_esg_28_01,2025_sustainability_report_0478ad88.pdf::chunk-24582,1,1.0
ragas_esg_28_01,2021_integrated_report_1efcc316.pdf::chunk-24161,2,0.08333333333333333
ragas_esg_28_01,2021_integrated_report_1efcc316.pdf::chunk-24162,3,0.07692307692307693
ragas_esg_28_01,2023_framework_disclosure_a1d018fd.pdf::chunk-24301,4,0.07142857142857142
ragas_esg_28_01,2023_framework_disclosure_a1d018fd.pdf::chunk-24302,5,0.06666666666666667
ragas_esg_28_02,2025_sustainability_report_0478ad88.pdf::chunk-24568,1,1.0
ragas_esg_28_02,2021_integrated_report_1efcc316.pdf::chunk-24161,2,0.08333333333333333
ragas_esg_28_02,2021_integrated_report_1efcc316.pdf::chunk-24162,3,0.07692307692307693
ragas_esg_28_02,2023_framework_disclosure_a1d018fd.pdf::chunk-24301,4,0.07142857142857142
ragas_esg_28_02,2023_framework_disclosure_a1d018fd.pdf::chunk-24302,5,0.06666666666666667
ragas_esg_28_03,2025_sustainability_report_0478ad88.pdf::chunk-24565,1,1.0
ragas_esg_28_03,2021_integrated_report_1efcc316.pdf::chunk-24161,2,0.08333333333333333
ragas_esg_28_03,2021_integrated_report_1efcc316.pdf::chunk-24162,3,0.07692307692307693
ragas_esg_28_03,2023_framework_disclosure_a1d018fd.pdf::chunk-24301,4,0.07142857142857142
ragas_esg_28_03,2023_framework_disclosure_a1d018fd.pdf::chunk-24302,5,0.06666666666666667
ragas_esg_28_04,2025_sustainability_report_0478ad88.pdf::chunk-24548,1,1.0
ragas_esg_28_04,2021_integrated_report_1efcc316.pdf::chunk-24161,2,0.08333333333333333
ragas_esg_28_04,2021_integrated_report_1efcc316.pdf::chunk-24162,3,0.07692307692307693
ragas_esg_28_04,2023_framework_disclosure_a1d018fd.pdf::chunk-24301,4,0.07142857142857142
ragas_esg_28_04,2023_framework_disclosure_a1d018fd.pdf::chunk-24302,5,0.06666666666666667
ragas_esg_29_01,2024_sustainability_report_44182ca9.pdf::chunk-8183,1,1.0
ragas_esg_29_01,2023_thematic_report_4c1eb352.pdf::chunk-7894,2,0.08333333333333333
ragas_esg_29_01,2024_sustainability_report_44182ca9.pdf::chunk-8185,3,0.07692307692307693
ragas_esg_29_01,2024_sustainability_report_44182ca9.pdf::chunk-8186,4,0.07142857142857142
ragas_esg_29_01,IB_Sustainability_Report.pdf::chunk-0053,5,0.06666666666666667
ragas_esg_29_02,2024_sustainability_report_44182ca9.pdf::chunk-8184,1,1.0
ragas_esg_29_02,2023_thematic_report_4c1eb352.pdf::chunk-7894,2,0.08333333333333333
ragas_esg_29_02,2024_sustainability_report_44182ca9.pdf::chunk-8186,3,0.07692307692307693
ragas_esg_29_02,2024_sustainability_report_44182ca9.pdf::chunk-8187,4,0.07142857142857142
ragas_esg_29_02,IB_Sustainability_Report.pdf::chunk-0058,5,0.06666666666666667
ragas_esg_29_03,2024_sustainability_report_44182ca9.pdf::chunk-8193,1,1.0
ragas_esg_29_03,2023_thematic_report_4c1eb352.pdf::chunk-7894,2,0.08333333333333333
ragas_esg_29_03,2024_sustainability_report_44182ca9.pdf::chunk-8182,3,0.07692307692307693
ragas_esg_29_03,2024_sustainability_report_44182ca9.pdf::chunk-8183,4,0.07142857142857142
ragas_esg_29_03,IB_Sustainability_Report.pdf::chunk-0053,5,0.06666666666666667
ragas_esg_29_04,2024_sustainability_report_44182ca9.pdf::chunk-8194,1,1.0
ragas_esg_29_04,2023_thematic_report_4c1eb352.pdf::chunk-7894,2,0.08333333333333333
ragas_esg_29_04,2024_sustainability_report_44182ca9.pdf::chunk-8182,3,0.07692307692307693
ragas_esg_29_04,2024_sustainability_report_44182ca9.pdf::chunk-8183,4,0.07142857142857142
ragas_esg_29_04,IB_Sustainability_Report.pdf::chunk-0053,5,0.06666666666666667
ragas_esg_30_01,2019_sustainability_report_9e6add42.pdf::chunk-29758,1,1.0
ragas_esg_30_01,Siemens_ESG.pdf::chunk-0726,2,0.08333333333333333
ragas_esg_30_01,Siemens_ESG.pdf::chunk-0727,3,0.07692307692307693
ragas_esg_30_01,2018_sustainability_report_43841182.pdf::chunk-29648,4,0.07142857142857142
ragas_esg_30_01,2018_sustainability_report_43841182.pdf::chunk-29649,5,0.06666666666666667
ragas_esg_30_02,2019_sustainability_report_9e6add42.pdf::chunk-29785,1,1.0
ragas_esg_30_02,Siemens_ESG.pdf::chunk-0726,2,0.08333333333333333
ragas_esg_30_02,Siemens_ESG.pdf::chunk-0727,3,0.07692307692307693
ragas_esg_30_02,2018_sustainability_report_43841182.pdf::chunk-29648,4,0.07142857142857142
ragas_esg_30_02,2018_sustainability_report_43841182.pdf::chunk-29649,5,0.06666666666666667
ragas_esg_30_03,2019_sustainability_report_9e6add42.pdf::chunk-29745,1,1.0
ragas_esg_30_03,Siemens_ESG.pdf::chunk-0726,2,0.08333333333333333
ragas_esg_30_03,Siemens_ESG.pdf::chunk-0727,3,0.07692307692307693
ragas_esg_30_03,2018_sustainability_report_43841182.pdf::chunk-29648,4,0.07142857142857142
ragas_esg_30_03,2018_sustainability_report_43841182.pdf::chunk-29649,5,0.06666666666666667
ragas_esg_30_04,2019_sustainability_report_9e6add42.pdf::chunk-29795,1,1.0
ragas_esg_30_04,Siemens_ESG.pdf::chunk-0726,2,0.08333333333333333
ragas_esg_30_04,Siemens_ESG.pdf::chunk-0727,3,0.07692307692307693
ragas_esg_30_04,2018_sustainability_report_43841182.pdf::chunk-29648,4,0.07142857142857142
ragas_esg_30_04,2018_sustainability_report_43841182.pdf::chunk-29649,5,0.06666666666666667
ragas_esg_xdoc_001,2025_climate_report_9706fb9c.pdf::chunk-7410,1,1.0
ragas_esg_xdoc_001,2024_sustainability_report_c73e004c.pdf::chunk-28938,2,0.5
ragas_esg_xdoc_001,IB_Sustainability_Report.pdf::chunk-0053,3,0.07692307692307693
ragas_esg_xdoc_001,IB_Sustainability_Report.pdf::chunk-0054,4,0.07142857142857142
ragas_esg_xdoc_001,Siemens_ESG.pdf::chunk-0726,5,0.06666666666666667
ragas_esg_xdoc_002,2025_urd_99c343a1.pdf::chunk-14193,1,1.0
ragas_esg_xdoc_002,2019_sustainability_report_9e6add42.pdf::chunk-29758,2,0.5
ragas_esg_xdoc_002,IB_Sustainability_Report.pdf::chunk-0053,3,0.07692307692307693
ragas_esg_xdoc_002,IB_Sustainability_Report.pdf::chunk-0054,4,0.07142857142857142
ragas_esg_xdoc_002,Siemens_ESG.pdf::chunk-0726,5,0.06666666666666667
ragas_esg_xdoc_003,2023_integrated_report_c47ec973.pdf::chunk-11683,1,1.0
ragas_esg_xdoc_003,2018_sustainability_report_43841182.pdf::chunk-29677,2,0.5
ragas_esg_xdoc_003,IB_Sustainability_Report.pdf::chunk-0053,3,0.07692307692307693
ragas_esg_xdoc_003,IB_Sustainability_Report.pdf::chunk-0054,4,0.07142857142857142
ragas_esg_xdoc_003,Siemens_ESG.pdf::chunk-0726,5,0.06666666666666667
ragas_esg_xdoc_004,2024_sustainability_report_c73e004c.pdf::chunk-29114,1,1.0
ragas_esg_xdoc_004,2025_integrated_report_c3cd8894.pdf::chunk-13248,2,0.5
ragas_esg_xdoc_004,IB_Sustainability_Report.pdf::chunk-0053,3,0.07692307692307693
ragas_esg_xdoc_004,IB_Sustainability_Report.pdf::chunk-0054,4,0.07142857142857142
ragas_esg_xdoc_004,Siemens_ESG.pdf::chunk-0726,5,0.06666666666666667
ragas_esg_xdoc_005,2024_annual_report_9ab2a528.pdf::chunk-38087,1,1.0
ragas_esg_xdoc_005,2025_sustainability_report_0478ad88.pdf::chunk-24563,2,0.5
ragas_esg_xdoc_005,IB_Sustainability_Report.pdf::chunk-0053,3,0.07692307692307693
ragas_esg_xdoc_005,IB_Sustainability_Report.pdf::chunk-0054,4,0.07142857142857142
ragas_esg_xdoc_005,Siemens_ESG.pdf::chunk-0726,5,0.06666666666666667
ragas_esg_xdoc_006,2024_sustainability_report_c73e004c.pdf::chunk-29111,1,1.0
ragas_esg_xdoc_006,2025_annual_report_1b21309a.pdf::chunk-39775,2,0.5
ragas_esg_xdoc_006,IB_Sustainability_Report.pdf::chunk-0053,3,0.07692307692307693
ragas_esg_xdoc_006,IB_Sustainability_Report.pdf::chunk-0054,4,0.07142857142857142
ragas_esg_xdoc_006,Siemens_ESG.pdf::chunk-0726,5,0.06666666666666667
ragas_esg_xdoc_007,2025_sustainability_report_0478ad88.pdf::chunk-24563,1,1.0
ragas_esg_xdoc_007,2024_sustainability_report_c73e004c.pdf::chunk-29111,2,0.5
ragas_esg_xdoc_007,IB_Sustainability_Report.pdf::chunk-0053,3,0.07692307692307693
ragas_esg_xdoc_007,IB_Sustainability_Report.pdf::chunk-0054,4,0.07142857142857142
ragas_esg_xdoc_007,Siemens_ESG.pdf::chunk-0726,5,0.06666666666666667
ragas_esg_xdoc_008,2023_framework_disclosure_a1d018fd.pdf::chunk-24302,1,1.0
ragas_esg_xdoc_008,2025_urd_99c343a1.pdf::chunk-14263,2,0.5
ragas_esg_xdoc_008,IB_Sustainability_Report.pdf::chunk-0058,3,0.07692307692307693
ragas_esg_xdoc_008,IB_Sustainability_Report.pdf::chunk-0059,4,0.07142857142857142
ragas_esg_xdoc_008,Siemens_ESG.pdf::chunk-0726,5,0.06666666666666667
ragas_esg_xdoc_009,2025_sustainability_report_0478ad88.pdf::chunk-24578,1,1.0
ragas_esg_xdoc_009,2024_annual_report_9ab2a528.pdf::chunk-37891,2,0.5
ragas_esg_xdoc_009,IB_Sustainability_Report.pdf::chunk-0058,3,0.07692307692307693
ragas_esg_xdoc_009,IB_Sustainability_Report.pdf::chunk-0059,4,0.07142857142857142
ragas_esg_xdoc_009,Siemens_ESG.pdf::chunk-0726,5,0.06666666666666667
ragas_esg_xdoc_010,2024_sustainability_report_44182ca9.pdf::chunk-8192,1,1.0
ragas_esg_xdoc_010,2023_framework_disclosure_a1d018fd.pdf::chunk-24302,2,0.5
ragas_esg_xdoc_010,IB_Sustainability_Report.pdf::chunk-0058,3,0.07692307692307693
ragas_esg_xdoc_010,IB_Sustainability_Report.pdf::chunk-0059,4,0.07142857142857142
ragas_esg_xdoc_010,Siemens_ESG.pdf::chunk-0726,5,0.06666666666666667
ragas_esg_xdoc_011,2021_integrated_report_1efcc316.pdf::chunk-24206,1,1.0
ragas_esg_xdoc_011,2024_sustainability_report_44182ca9.pdf::chunk-8192,2,0.5
ragas_esg_xdoc_011,IB_Sustainability_Report.pdf::chunk-0053,3,0.07692307692307693
ragas_esg_xdoc_011,IB_Sustainability_Report.pdf::chunk-0054,4,0.07142857142857142
ragas_esg_xdoc_011,Siemens_ESG.pdf::chunk-0726,5,0.06666666666666667
ragas_esg_xdoc_012,2019_framework_disclosure_c403a763.pdf::chunk-19206,1,1.0
ragas_esg_xdoc_012,2021_integrated_report_1efcc316.pdf::chunk-24206,2,0.5
ragas_esg_xdoc_012,IB_Sustainability_Report.pdf::chunk-0053,3,0.07692307692307693
ragas_esg_xdoc_012,IB_Sustainability_Report.pdf::chunk-0054,4,0.07142857142857142
ragas_esg_xdoc_012,Siemens_ESG.pdf::chunk-0726,5,0.06666666666666667
ragas_esg_xdoc_013,2021_integrated_report_1efcc316.pdf::chunk-24168,1,1.0
ragas_esg_xdoc_013,2011_sustainability_report_73deaa4c.pdf::chunk-16735,2,0.5
ragas_esg_xdoc_013,IB_Sustainability_Report.pdf::chunk-0053,3,0.07692307692307693
ragas_esg_xdoc_013,IB_Sustainability_Report.pdf::chunk-0054,4,0.07142857142857142
ragas_esg_xdoc_013,Siemens_ESG.pdf::chunk-0726,5,0.06666666666666667
ragas_esg_xdoc_014,2024_thematic_report_c221f368.pdf::chunk-31823,1,1.0
ragas_esg_xdoc_014,2019_sustainability_report_9e6add42.pdf::chunk-29785,2,0.5
ragas_esg_xdoc_014,IB_Sustainability_Report.pdf::chunk-0058,3,0.07692307692307693
ragas_esg_xdoc_014,IB_Sustainability_Report.pdf::chunk-0059,4,0.07142857142857142
ragas_esg_xdoc_014,Siemens_ESG.pdf::chunk-0726,5,0.06666666666666667
ragas_esg_xdoc_015,2019_sustainability_report_9e6add42.pdf::chunk-29785,1,1.0
ragas_esg_xdoc_015,2025_thematic_report_b4b58ac2.pdf::chunk-41727,2,0.5
ragas_esg_xdoc_015,IB_Sustainability_Report.pdf::chunk-0058,3,0.07692307692307693
ragas_esg_xdoc_015,IB_Sustainability_Report.pdf::chunk-0059,4,0.07142857142857142
ragas_esg_xdoc_015,Siemens_ESG.pdf::chunk-0726,5,0.06666666666666667
ragas_esg_xdoc_016,2025_thematic_report_b4b58ac2.pdf::chunk-41727,1,1.0
ragas_esg_xdoc_016,2024_sustainability_report_c73e004c.pdf::chunk-29058,2,0.5
ragas_esg_xdoc_016,IB_Sustainability_Report.pdf::chunk-0067,3,0.07692307692307693
ragas_esg_xdoc_016,IB_Sustainability_Report.pdf::chunk-0070,4,0.07142857142857142
ragas_esg_xdoc_016,Siemens_ESG.pdf::chunk-0727,5,0.06666666666666667
ragas_esg_xdoc_017,2025_climate_report_9706fb9c.pdf::chunk-7383,1,1.0
ragas_esg_xdoc_017,2024_annual_report_9ab2a528.pdf::chunk-38184,2,0.5
ragas_esg_xdoc_017,IB_Sustainability_Report.pdf::chunk-0067,3,0.07692307692307693
ragas_esg_xdoc_017,IB_Sustainability_Report.pdf::chunk-0070,4,0.07142857142857142
ragas_esg_xdoc_017,Siemens_ESG.pdf::chunk-0727,5,0.06666666666666667
ragas_esg_xdoc_018,2024_sustainability_report_c73e004c.pdf::chunk-29028,1,1.0
ragas_esg_xdoc_018,2025_sustainability_report_0478ad88.pdf::chunk-24581,2,0.5
ragas_esg_xdoc_018,IB_Sustainability_Report.pdf::chunk-0058,3,0.07692307692307693
ragas_esg_xdoc_018,IB_Sustainability_Report.pdf::chunk-0059,4,0.07142857142857142
ragas_esg_xdoc_018,Siemens_ESG.pdf::chunk-0726,5,0.06666666666666667
ragas_esg_xdoc_019,2023_integrated_report_c47ec973.pdf::chunk-11683,1,1.0
ragas_esg_xdoc_019,2025_annual_report_1b21309a.pdf::chunk-39783,2,0.5
ragas_esg_xdoc_019,IB_Sustainability_Report.pdf::chunk-0053,3,0.07692307692307693
ragas_esg_xdoc_019,IB_Sustainability_Report.pdf::chunk-0054,4,0.07142857142857142
ragas_esg_xdoc_019,Siemens_ESG.pdf::chunk-0726,5,0.06666666666666667
ragas_esg_xdoc_020,426.ar.en.2024.pdf::chunk-5121,1,1.0
ragas_esg_xdoc_020,2025_urd_99c343a1.pdf::chunk-14263,2,0.5
ragas_esg_xdoc_020,IB_Sustainability_Report.pdf::chunk-0058,3,0.07692307692307693
ragas_esg_xdoc_020,IB_Sustainability_Report.pdf::chunk-0059,4,0.07142857142857142
ragas_esg_xdoc_020,Siemens_ESG.pdf::chunk-0726,5,0.06666666666666667
ragas_esg_xdoc_021,2024_sustainability_report_44182ca9.pdf::chunk-8190,1,1.0
ragas_esg_xdoc_021,2025_annual_report_1b21309a.pdf::chunk-39783,2,0.5
ragas_esg_xdoc_021,IB_Sustainability_Report.pdf::chunk-0053,3,0.07692307692307693
ragas_esg_xdoc_021,IB_Sustainability_Report.pdf::chunk-0054,4,0.07142857142857142
ragas_esg_xdoc_021,Siemens_ESG.pdf::chunk-0726,5,0.06666666666666667
ragas_esg_xdoc_022,2023_sustainability_report_0915a868.pdf::chunk-21877,1,1.0
ragas_esg_xdoc_022,2025_climate_report_9706fb9c.pdf::chunk-7410,2,0.5
ragas_esg_xdoc_022,IB_Sustainability_Report.pdf::chunk-0053,3,0.07692307692307693
ragas_esg_xdoc_022,IB_Sustainability_Report.pdf::chunk-0054,4,0.07142857142857142
ragas_esg_xdoc_022,Siemens_ESG.pdf::chunk-0726,5,0.06666666666666667
ragas_esg_xdoc_023,2024_thematic_report_c221f368.pdf::chunk-31823,1,1.0
ragas_esg_xdoc_023,2023_sustainability_report_0915a868.pdf::chunk-21894,2,0.5
ragas_esg_xdoc_023,IB_Sustainability_Report.pdf::chunk-0058,3,0.07692307692307693
ragas_esg_xdoc_023,IB_Sustainability_Report.pdf::chunk-0059,4,0.07142857142857142
ragas_esg_xdoc_023,Siemens_ESG.pdf::chunk-0726,5,0.06666666666666667
ragas_esg_xdoc_024,2025_sustainability_report_0478ad88.pdf::chunk-24556,1,1.0
ragas_esg_xdoc_024,2024_sustainability_report_c73e004c.pdf::chunk-28938,2,0.5
ragas_esg_xdoc_024,IB_Sustainability_Report.pdf::chunk-0053,3,0.07692307692307693
ragas_esg_xdoc_024,IB_Sustainability_Report.pdf::chunk-0054,4,0.07142857142857142
ragas_esg_xdoc_024,Siemens_ESG.pdf::chunk-0726,5,0.06666666666666667
